model,k,silhouette,davies_bouldin,inertia
kmeans,2,0.1655556118814812,2.105289611811229,2170.343553913446
agglomerative,2,0.16329153712616068,2.0536710394761766,
